Variable 1,Variable 2,Variable 3,Variable 4,Variable 5,Variable 6,Variable 7,Variable 8,Variable 9,Variable 10,Variable 11,Variable 12,Variable 13,Variable 14,Variable 15,Variable 16,Variable 17,Variable 18,Variable 19,Variable 20,Variable 21,Variable 22,Variable 23,Variable 24,Variable 25,Variable 26,Variable 27,Variable 28,Variable 29,Variable 30,Variable 31,Variable 32,Variable 33,Variable 34,Variable 35,Variable 36,Variable 37,Variable 38,Variable 39,Variable 40,Variable 41,Variable 42,Variable 43,Variable 44,Variable 45,Variable 46,Variable 47,Variable 48,Variable 49,Variable 50,Variable 51,Variable 52,Variable 53,Variable 54,Variable 55,Variable 56,Variable 57,Variable 58,Variable 59,Variable 60,Variable 61,Variable 62,Variable 63,Variable 64,Variable 65,Variable 66,Variable 67,Variable 68,Variable 69,Variable 70,Variable 71,Variable 72,Variable 73,Variable 74,Variable 75,Variable 76,Variable 77,Variable 78,Variable 79,Variable 80,Variable 81,Variable 82,Variable 83,Variable 84,Variable 85,Variable 86,Variable 87,Variable 88,Variable 89,Variable 90,Variable 91,Variable 92,Variable 93,Variable 94,Variable 95,Variable 96,Variable 97,Variable 98,Variable 99,Variable 100,Variable 101,Variable 102,Variable 103,Variable 104,Variable 105,Variable 106,Variable 107,Variable 108,Variable 109,Variable 110,Variable 111,Variable 112,Variable 113,Variable 114,Variable 115,Variable 116,Variable 117,Variable 118,Variable 119,Variable 120,Variable 121,Variable 122,Variable 123,Variable 124,Variable 125,Variable 126,Variable 127,Variable 128,Variable 129,Variable 130,Variable 131,Variable 132,Variable 133,Variable 134,Variable 135,Variable 136,Variable 137,Variable 138,Variable 139,Variable 140,Variable 141,Variable 142,Variable 143,Variable 144,Variable 145,Variable 146,Variable 147,Variable 148,Variable 149,Variable 150,Variable 151,Variable 152,Variable 153,Variable 154,Variable 155,Variable 156,Variable 157,Variable 158,Variable 159,Variable 160,Variable 161,Variable 162,Variable 163,Variable 164,Variable 165,Variable 166,Variable 167,Variable 168,Variable 169,Variable 170,Variable 171,Variable 172,Variable 173,Variable 174,Variable 175,Variable 176,Variable 177,Variable 178,Variable 179,Variable 180,Variable 181,Variable 182,Variable 183,Variable 184,Variable 185,Variable 186,Variable 187,Variable 188,Variable 189,Variable 190,Variable 191,Variable 192,Variable 193,Variable 194,Variable 195,Variable 196,Variable 197,Variable 198,Variable 199,Variable 200,Variable 201,Variable 202,Variable 203,Variable 204,Variable 205,Variable 206,Variable 207,Variable 208,Variable 209,Variable 210,Variable 211,Variable 212,Variable 213,Variable 214,Variable 215,Variable 216,Variable 217,Variable 218,Variable 219,Variable 220,Variable 221,Variable 222,Variable 223,Variable 224,Variable 225,Variable 226,Variable 227,Variable 228,Variable 229,Variable 230,Variable 231,Variable 232,Variable 233,Variable 234,Variable 235,Variable 236,Variable 237,Variable 238,Variable 239,Variable 240,Variable 241,Variable 242,Variable 243,Variable 244,Variable 245,Variable 246,Variable 247,Variable 248,Variable 249,Variable 250,Variable 251,Variable 252,Variable 253,Variable 254,Variable 255,Variable 256,Variable 257,Variable 258,Variable 259,Variable 260,Variable 261,Variable 262,Variable 263,Variable 264,Variable 265,Variable 266,Variable 267,Variable 268,Variable 269,Variable 270,Variable 271,Variable 272,Variable 273,Variable 274,Variable 275,Variable 276,Variable 277,Variable 278,Variable 279,Variable 280,Variable 281,Variable 282,Variable 283,Variable 284,Variable 285,Variable 286,Variable 287,Variable 288,Variable 289,Variable 290,Variable 291,Variable 292,Objective 1,Objective 2,Objective 3,Objective 4,Constraint 1
228,264,116,91,197,102,49,150,32,227,117,124,254,242,286,184,158,142,201,92,98,108,222,221,70,29,149,166,187,90,134,65,178,285,53,179,284,182,252,192,223,216,77,232,288,153,47,199,71,241,177,40,256,251,249,7,212,230,291,270,30,203,258,20,5,266,231,144,34,276,122,31,136,64,14,272,200,84,59,160,277,33,148,55,280,110,121,173,176,37,213,57,259,239,262,106,119,4,16,253,94,127,62,194,246,72,132,128,247,27,162,235,156,48,2,263,138,279,95,238,250,271,215,133,23,183,113,151,140,168,229,103,17,248,130,105,44,61,73,99,86,257,80,79,208,210,125,143,115,147,170,13,50,171,167,18,157,75,36,206,21,76,69,211,66,15,9,56,218,45,190,11,261,93,237,154,282,19,225,137,233,101,41,268,193,22,163,234,126,43,204,202,135,131,60,267,51,269,0,159,164,274,109,96,78,260,174,1,68,3,189,107,28,161,42,169,155,240,289,54,6,205,24,214,83,185,8,245,244,67,10,172,63,120,52,81,26,87,139,278,191,74,181,12,283,224,114,111,220,146,188,39,82,89,186,287,198,281,58,38,165,196,219,255,175,118,180,207,217,35,226,112,209,88,85,195,145,25,97,152,243,100,123,265,141,273,129,46,275,290,236,104,0.523972602739726,0.277777777777777,0.2,0.0816018518518518,0
102,120,209,182,217,163,61,41,10,214,211,6,154,248,112,136,275,166,107,273,286,126,251,242,187,158,146,91,165,88,200,17,176,244,85,19,183,79,58,243,93,64,71,284,69,215,164,4,90,82,192,177,7,8,267,147,76,55,201,77,224,261,108,280,50,86,36,234,289,169,25,290,118,287,53,279,46,59,62,202,291,228,3,199,262,145,271,75,47,185,222,178,2,66,159,276,9,129,15,111,212,236,60,197,54,49,119,188,269,264,39,99,190,186,74,204,282,139,168,180,208,283,87,24,22,171,131,194,121,152,268,255,127,100,167,254,52,26,117,67,229,237,114,239,207,84,260,203,11,250,150,226,125,89,240,34,189,265,97,83,103,37,106,272,128,205,40,35,94,116,206,153,18,245,96,179,23,140,193,95,38,73,210,132,137,277,233,44,161,170,29,32,181,220,241,21,16,184,138,30,135,57,225,20,195,101,191,270,28,124,266,231,130,27,48,247,51,156,70,63,1,257,0,253,198,33,113,219,133,104,281,5,31,13,42,174,155,288,173,110,151,274,263,12,235,238,285,92,223,256,14,143,246,43,196,149,162,141,144,78,45,172,72,134,249,227,56,109,65,142,80,160,123,81,105,148,175,258,115,157,98,218,252,259,122,68,213,278,221,216,232,230,0.547945205479452,0.3125,0.0909090909090909,0.0847962962962963,0
153,249,110,37,146,207,242,226,231,97,47,219,288,245,150,268,84,148,58,159,121,264,10,96,143,15,234,67,177,221,178,236,291,39,190,55,134,20,57,71,168,141,162,31,149,109,79,104,224,194,258,130,265,43,90,8,252,164,195,11,165,2,108,103,280,75,132,225,208,119,54,185,161,128,186,12,82,49,66,114,210,135,272,180,64,260,243,175,127,192,102,160,187,255,171,179,34,173,176,72,202,35,63,42,289,217,158,65,1,274,222,78,172,22,254,169,233,140,4,88,56,27,126,21,26,69,87,3,24,157,240,166,6,107,205,93,95,206,269,117,61,235,214,129,105,204,73,23,112,17,250,215,182,174,183,74,60,263,229,68,283,136,32,131,53,244,156,181,122,81,46,123,259,14,147,18,267,211,216,91,36,106,276,155,145,203,16,100,193,167,246,251,19,98,170,261,253,270,28,189,51,113,230,275,282,138,111,133,241,76,144,85,7,247,188,50,277,9,227,41,80,256,154,70,184,137,218,285,220,209,199,25,284,92,228,94,287,99,77,223,191,271,115,89,237,139,45,0,52,238,142,198,48,200,201,278,248,151,290,116,281,44,62,13,286,266,163,125,212,5,30,197,239,257,38,120,101,279,213,232,33,273,83,118,86,196,40,124,152,262,29,59,0.5,0.3125,0.1,0.0788703703703703,0
47,161,191,237,239,86,167,33,223,80,118,162,96,291,157,180,34,8,24,233,4,240,202,259,274,35,265,268,16,227,61,26,17,159,56,212,281,68,32,241,0,150,37,65,273,257,164,95,168,98,195,59,122,171,264,238,270,146,139,186,286,120,123,226,128,78,45,12,145,279,3,184,81,156,175,154,203,74,267,51,196,228,187,138,198,107,29,72,125,121,14,108,6,42,144,185,201,253,224,174,87,135,249,166,290,188,62,102,218,70,244,262,158,105,55,69,60,236,82,25,148,250,52,58,200,15,143,28,75,182,90,18,242,104,48,38,278,99,252,73,83,197,165,64,39,219,248,160,271,117,13,153,177,179,71,10,269,57,215,213,155,103,192,169,193,63,256,20,11,255,206,109,46,126,27,84,101,276,275,124,173,260,112,134,53,232,205,67,231,21,289,251,5,221,225,234,147,114,137,261,94,189,277,79,220,287,44,141,209,217,199,50,204,19,283,129,54,136,272,181,131,93,22,130,263,77,178,243,211,2,190,30,254,247,76,258,119,194,235,110,127,111,288,216,151,36,43,285,31,172,100,41,132,142,149,116,133,210,92,85,9,230,183,214,106,140,266,40,280,1,115,88,207,66,113,89,176,23,208,97,7,229,152,49,282,170,163,222,91,246,245,284,0.561643835616438,0.32258064516129,0.142857142857142,0.0864259259259259,0
212,130,244,207,39,0,231,112,12,89,22,165,53,263,119,82,276,179,241,17,86,43,106,220,287,202,95,232,226,97,79,195,59,77,58,120,70,167,260,2,191,90,250,88,218,257,129,284,67,1,215,85,219,99,66,27,267,34,210,281,92,188,149,163,55,245,54,161,160,87,280,71,41,3,80,151,239,181,243,189,139,135,169,256,35,236,282,203,23,211,122,84,36,178,136,217,141,162,208,14,265,255,240,81,94,107,75,48,269,98,109,142,105,223,197,176,268,155,69,283,146,127,247,190,24,205,57,261,46,21,76,30,113,199,108,150,42,274,271,63,18,180,277,16,246,230,157,224,158,279,100,291,200,60,40,140,266,216,45,117,104,285,221,8,253,126,242,78,175,111,173,51,259,278,152,125,29,143,153,19,132,252,170,164,15,192,177,229,159,56,134,101,145,187,228,116,147,172,33,52,114,156,124,20,198,272,264,118,37,6,72,25,262,65,209,273,47,166,50,64,38,26,233,204,249,168,182,91,286,103,214,206,61,171,131,290,128,137,275,93,62,32,68,227,154,186,213,144,4,238,5,194,74,7,201,222,225,83,251,138,148,11,123,258,133,121,110,254,289,235,102,183,184,270,44,193,234,288,237,13,248,115,31,196,174,49,185,96,73,28,9,10,0.530821917808219,0.285714285714285,0.125,0.0825462962962963,0
68,148,1,124,28,230,213,20,78,42,209,71,80,237,64,18,164,139,246,288,158,161,128,10,248,233,258,250,60,88,87,264,183,291,206,61,266,98,275,165,151,285,11,47,2,74,290,255,157,109,26,46,119,75,101,231,181,33,241,70,177,146,214,127,152,218,79,130,197,232,270,263,201,224,190,5,243,196,3,65,129,126,251,55,155,48,283,8,50,253,125,138,176,54,135,29,280,145,107,6,254,272,192,215,175,182,169,202,156,160,204,256,19,287,84,7,82,58,221,66,163,278,39,184,123,103,27,142,94,240,134,242,30,93,171,56,159,179,73,228,174,105,115,96,259,276,162,116,40,12,170,36,38,118,22,99,76,194,229,72,168,35,53,85,34,77,43,235,110,37,92,249,104,67,173,247,180,114,245,186,120,69,31,227,274,113,153,137,188,238,57,261,208,100,234,187,203,260,236,91,217,14,211,133,265,166,199,219,141,267,239,154,252,62,90,189,140,212,185,284,205,122,147,21,131,32,286,193,257,121,268,132,167,244,15,277,210,51,44,172,102,143,89,52,23,136,149,191,222,279,198,86,41,97,59,207,273,111,9,271,281,144,106,269,178,195,13,200,49,108,282,17,63,223,16,225,226,150,25,83,95,0,117,289,45,24,262,81,220,112,216,4,0.462328767123287,0.227272727272727,0.0909090909090909,0.0741944444444444,0
28,158,148,240,188,82,47,32,268,251,271,177,147,89,284,21,178,277,259,68,110,19,107,203,0,73,140,22,64,212,132,220,81,55,194,235,204,137,238,44,52,289,247,182,187,83,18,106,189,233,157,205,10,282,162,185,14,274,84,248,171,95,67,80,26,100,278,87,172,175,229,267,264,122,218,92,195,260,199,263,88,197,206,208,281,236,71,223,42,139,97,232,280,111,15,56,5,168,164,180,214,217,31,30,38,192,53,128,76,16,116,136,99,45,173,54,66,290,249,149,239,254,224,246,287,41,105,255,91,153,152,58,269,155,265,227,144,161,77,276,275,36,198,169,39,183,62,37,43,69,123,24,74,159,121,20,285,221,94,200,288,143,160,101,146,230,127,193,226,60,262,286,237,228,213,190,234,27,126,17,8,115,253,202,245,244,256,191,104,186,25,219,61,283,33,184,40,207,156,108,138,176,241,291,117,113,4,129,86,209,215,167,9,34,70,109,51,179,273,166,196,119,242,270,261,96,13,250,118,7,151,49,201,48,2,165,133,216,12,102,174,93,145,142,150,266,125,72,243,211,35,57,130,272,222,258,65,78,134,85,210,120,11,114,170,98,252,90,79,59,29,163,141,75,103,1,279,131,154,135,63,112,257,46,6,50,225,3,124,181,23,231,0.530821917808219,0.416666666666666,0.111111111111111,0.0826944444444444,0
131,161,271,29,206,99,17,119,170,58,184,258,227,172,86,88,68,239,38,255,124,79,251,238,178,252,175,90,125,135,0,35,82,189,270,194,247,182,215,276,151,174,165,34,190,167,259,115,51,289,18,268,280,10,100,275,265,192,248,274,83,52,43,72,139,244,103,13,153,243,212,196,26,169,234,130,171,218,97,133,140,230,25,278,23,107,146,20,217,290,4,110,143,121,74,14,78,9,71,39,89,81,188,187,84,246,253,144,147,149,211,109,12,185,240,114,235,195,77,85,2,5,231,154,152,236,286,284,222,257,181,208,27,128,205,285,134,117,225,221,101,44,228,166,92,111,204,129,213,42,199,260,282,106,80,281,19,45,193,156,256,273,112,262,145,191,291,53,209,279,67,102,30,123,163,157,98,160,126,28,148,31,220,122,116,40,3,61,142,69,47,207,216,177,94,269,179,214,93,120,21,63,159,219,1,173,168,201,198,261,249,136,224,200,183,96,32,95,272,264,70,105,8,229,283,50,11,287,49,180,127,65,288,108,91,266,76,66,55,197,241,138,232,176,203,226,267,223,60,54,75,7,64,250,186,150,277,164,132,33,118,263,56,245,155,37,22,46,57,62,237,113,141,36,162,41,48,202,137,210,24,15,87,242,16,73,6,158,104,254,233,59,0.527397260273972,0.454545454545454,0.1,0.0824259259259259,0
60,40,233,65,127,125,11,111,243,158,228,46,102,214,13,166,64,234,195,89,33,204,270,191,72,36,16,236,280,134,221,142,160,1,113,67,28,137,256,97,53,238,222,250,122,283,197,153,123,154,217,255,226,117,133,78,42,70,289,14,200,76,202,266,106,175,83,52,141,211,273,85,132,241,18,35,62,180,56,188,235,171,209,216,112,103,239,68,189,282,22,131,73,275,244,287,150,81,9,172,31,149,23,10,229,43,223,146,144,208,107,213,138,179,100,135,90,4,38,184,51,186,152,203,265,187,276,54,253,108,192,151,165,161,277,163,201,272,32,88,50,45,129,168,3,66,262,167,82,174,148,218,162,267,130,0,251,44,48,259,205,247,99,178,25,240,264,206,17,5,26,27,2,55,116,92,145,79,176,39,84,104,69,15,169,185,124,182,75,260,86,128,8,220,24,30,101,210,95,109,20,77,274,252,284,147,268,159,80,164,29,219,143,139,41,91,96,156,257,285,59,231,291,190,114,140,198,199,193,254,37,98,177,47,224,242,87,7,263,279,227,94,183,63,58,21,246,196,207,6,126,12,232,245,115,173,93,61,121,119,269,110,157,249,118,71,290,271,230,194,288,74,105,49,286,281,19,155,215,261,136,181,57,225,278,258,120,237,248,34,212,170,0.513698630136986,0.294117647058823,0.142857142857142,0.0804999999999999,0
136,88,111,9,256,251,80,104,208,126,285,33,21,281,245,64,141,85,214,107,270,72,213,173,209,74,46,75,96,125,183,94,86,91,179,100,82,62,206,27,48,163,3,250,222,291,65,132,190,217,226,98,77,180,53,202,265,150,263,97,191,218,169,45,223,71,54,199,29,102,241,288,147,254,176,149,116,166,134,287,127,233,165,164,55,26,220,289,67,19,20,129,56,200,148,175,14,197,109,161,249,238,124,261,11,259,40,16,178,286,247,10,35,70,153,28,168,282,160,92,229,187,284,143,181,162,22,231,232,236,255,184,276,101,228,227,201,174,112,34,32,41,30,155,90,225,246,44,68,185,69,37,84,110,103,2,119,78,4,195,243,264,117,7,108,258,8,120,253,193,240,57,188,95,61,31,135,151,87,230,6,278,279,66,81,49,39,189,244,42,154,47,59,170,118,215,60,159,219,283,23,13,260,43,24,99,17,114,224,221,36,73,128,18,93,290,130,234,140,1,137,177,167,0,204,252,207,106,196,171,113,79,12,269,268,51,142,182,76,152,158,122,145,273,267,271,25,266,172,131,58,275,257,115,272,211,15,262,277,210,38,133,274,5,157,203,192,216,235,83,146,52,123,280,105,248,139,212,186,63,138,239,144,194,50,242,198,89,237,205,156,121,0.462328767123287,0.227272727272727,0.1,0.0742129629629629,0
257,202,282,45,29,49,107,167,258,68,147,166,233,133,244,193,4,112,60,239,70,283,62,249,6,231,277,267,19,66,5,263,91,208,240,93,173,25,128,251,26,83,118,160,51,174,34,177,46,215,154,99,253,270,149,48,180,201,38,35,237,221,287,14,225,134,143,279,82,135,98,12,182,109,269,87,92,291,57,216,90,247,89,217,272,1,97,123,159,289,210,47,185,127,103,271,10,71,61,250,218,75,248,157,96,130,207,156,22,55,190,100,254,146,188,140,158,150,129,138,136,184,171,84,76,198,229,262,15,58,170,145,266,106,281,141,223,243,132,234,24,50,142,172,81,213,39,8,222,148,209,122,74,63,161,86,59,20,67,163,151,110,196,235,53,56,2,64,27,169,162,73,187,212,164,7,286,131,139,52,121,80,43,78,230,285,117,232,31,114,275,105,54,44,274,120,3,220,255,203,242,18,259,228,245,137,23,102,113,205,42,181,280,199,206,273,214,211,13,9,94,85,111,108,224,219,236,256,21,183,276,264,175,195,168,153,88,152,179,155,204,104,11,28,176,241,290,77,144,69,30,124,200,115,36,101,189,41,125,116,191,186,192,40,268,246,17,288,33,226,261,0,165,260,37,284,119,197,79,32,252,72,126,178,95,227,238,194,278,16,65,265,0.503424657534246,0.25,0.0909090909090909,0.0792129629629629,0
66,214,99,227,270,196,252,65,96,57,23,92,125,244,17,60,256,16,234,80,220,250,171,115,7,203,231,150,172,200,238,291,5,54,201,161,0,192,224,130,58,81,251,188,84,112,120,33,64,281,40,12,35,50,49,89,15,30,77,141,95,139,107,123,210,258,126,262,206,106,101,218,20,202,177,148,113,21,149,195,29,155,90,82,268,207,156,255,274,137,41,55,168,178,118,184,159,242,284,180,32,103,71,157,86,204,42,265,221,22,94,114,38,53,236,6,260,108,62,226,134,182,63,93,72,269,181,83,1,18,174,290,241,170,136,287,230,45,185,70,208,164,44,122,9,199,222,191,37,142,59,176,209,246,26,169,229,91,261,51,254,78,235,2,212,205,111,160,10,267,8,278,279,245,25,189,217,46,132,272,97,158,183,257,194,144,129,223,138,197,147,216,105,190,145,275,273,127,43,14,13,248,173,100,163,146,219,87,27,153,162,116,283,109,143,266,288,187,110,69,277,271,79,68,166,282,133,215,11,233,31,249,88,152,186,3,243,47,263,73,24,98,131,124,119,259,253,280,211,165,232,36,85,39,76,121,128,67,61,286,239,48,228,225,56,198,52,140,28,4,240,193,151,213,74,19,276,102,289,104,179,75,167,264,237,117,154,175,247,34,135,285,0.513698630136986,0.434782608695652,0.125,0.0807222222222222,0
130,209,10,173,260,51,206,208,44,156,37,271,279,67,6,227,264,145,142,59,14,228,13,200,69,161,185,55,3,4,143,251,194,134,41,31,80,116,221,57,104,49,229,30,213,36,183,192,220,65,268,63,139,164,109,291,136,289,286,188,236,33,16,90,158,81,262,121,218,274,168,247,230,117,141,21,202,171,246,179,267,254,38,27,101,8,12,1,199,126,216,42,111,275,74,125,287,115,257,273,198,87,176,15,26,146,83,284,124,272,2,225,18,93,172,276,243,123,189,290,129,122,263,204,53,60,110,32,9,107,100,211,184,212,144,232,241,118,261,281,96,237,105,47,160,226,169,163,99,88,215,25,148,256,71,138,210,17,54,217,253,153,140,62,270,61,193,7,282,78,113,182,244,187,119,235,205,72,127,132,159,177,40,137,102,170,195,106,128,50,94,222,77,223,151,39,45,5,35,201,92,255,86,19,214,48,178,66,245,155,239,56,75,68,79,219,174,259,29,180,114,186,190,149,231,203,240,46,248,112,82,266,147,167,269,154,162,181,0,84,238,103,23,165,280,288,166,242,98,95,97,283,207,70,20,76,58,34,285,157,175,278,196,265,22,89,64,24,234,191,197,250,85,277,43,108,131,91,252,135,249,120,233,11,152,133,150,73,28,258,52,224,0.47945205479452,0.384615384615384,0.111111111111111,0.0763518518518518,0
135,211,76,110,68,181,227,159,83,5,78,81,98,93,43,10,167,94,40,65,38,228,58,70,125,188,250,191,237,103,186,16,52,24,85,165,26,162,131,222,100,30,90,8,132,281,33,117,272,230,2,282,172,277,252,225,197,55,255,249,120,147,62,264,34,121,271,6,17,64,215,263,244,213,134,12,270,72,267,151,71,170,42,82,80,19,1,268,265,95,75,15,218,156,4,118,214,37,224,192,20,194,205,46,119,106,86,229,161,104,9,91,48,209,288,123,28,56,154,126,231,61,176,133,0,220,107,32,256,92,179,155,233,248,18,105,291,97,31,190,258,286,232,124,245,287,25,253,74,101,88,128,234,203,57,143,158,177,115,141,239,53,210,21,280,259,235,187,49,196,136,59,246,243,173,164,201,77,184,60,129,183,202,142,11,242,182,102,140,27,144,44,7,219,166,273,87,51,199,279,89,261,208,226,262,163,127,152,257,54,23,96,114,113,139,240,247,84,160,204,146,153,251,130,45,112,238,278,169,178,35,149,150,198,206,79,145,266,168,289,73,195,200,137,223,269,22,175,236,148,283,285,13,157,290,174,116,63,67,3,217,189,221,108,14,260,284,241,41,185,180,99,69,276,216,275,29,122,39,109,66,212,111,207,47,171,36,193,138,50,274,254,0.46917808219178,0.357142857142857,0.1,0.0752129629629629,0
153,103,223,145,128,249,185,95,267,207,256,278,74,287,222,242,204,285,259,274,21,37,90,232,235,234,152,142,65,130,108,38,44,283,81,161,186,244,196,266,61,200,215,210,195,208,49,273,155,1,192,23,116,137,36,114,243,177,184,66,98,189,171,135,166,159,110,147,119,52,18,178,134,50,55,168,248,203,15,16,268,227,42,194,138,45,111,88,67,257,169,162,173,12,199,96,28,176,64,129,126,7,29,6,265,211,225,206,83,165,205,228,179,75,112,231,146,73,102,97,9,149,216,175,41,224,264,85,276,53,82,120,60,56,290,27,33,163,51,258,237,272,262,202,181,101,8,46,247,151,255,68,183,25,282,209,193,107,30,217,246,63,238,77,91,113,167,47,0,69,214,241,136,17,22,4,277,288,127,270,58,250,48,14,286,245,144,148,260,212,40,79,43,121,94,139,174,230,154,240,271,150,34,19,93,32,289,13,132,226,122,89,229,62,251,35,291,124,261,252,221,233,190,263,279,239,105,218,187,99,275,158,117,10,141,156,254,188,3,191,213,118,87,5,106,281,11,2,84,109,172,80,59,54,70,133,100,92,164,123,220,72,198,31,78,280,76,160,201,86,131,143,24,71,170,180,284,115,269,157,20,140,236,125,26,197,253,39,182,57,219,104,0.48972602739726,0.249999999999999,0.142857142857142,0.0776203703703703,0
61,124,143,29,238,84,233,13,72,216,68,60,152,140,54,162,58,244,36,10,64,208,210,121,218,3,239,57,260,112,17,170,5,150,141,138,271,254,223,26,31,215,117,262,246,167,279,224,175,258,99,33,275,85,191,241,256,287,181,182,263,130,163,188,106,242,122,174,82,203,276,146,93,265,41,245,66,197,190,261,88,12,211,194,278,147,240,101,139,46,25,252,160,227,135,27,251,98,6,281,247,206,53,113,133,158,144,285,35,19,225,87,104,164,126,4,222,96,273,28,74,232,212,207,22,228,267,100,42,184,289,24,283,179,195,47,177,39,76,200,86,78,30,43,284,108,192,128,264,18,109,257,81,156,91,95,219,250,168,49,83,255,37,148,248,176,173,286,171,103,115,137,73,80,236,166,70,213,34,155,131,79,51,193,189,0,52,221,291,114,277,23,237,201,217,230,199,231,205,11,268,272,187,111,59,288,15,290,270,151,75,40,123,198,2,169,149,235,243,38,92,107,226,67,125,32,21,136,153,9,110,97,45,105,274,48,119,120,172,229,142,16,220,249,209,157,8,1,14,134,7,56,282,118,185,259,127,116,154,234,161,102,20,196,94,159,145,55,186,62,65,178,69,266,44,253,50,183,269,180,63,90,77,71,165,280,89,202,129,214,204,132,0.530821917808219,0.476190476190476,0.0833333333333333,0.0827685185185185,0
113,276,42,135,132,194,159,226,145,198,72,95,27,156,200,242,21,10,97,267,142,289,86,7,247,277,219,103,148,81,60,208,218,101,55,105,186,115,9,160,137,26,91,75,204,114,189,185,236,98,3,260,38,123,50,209,29,272,138,146,88,210,184,231,74,79,170,202,190,201,5,128,274,39,118,199,43,239,224,35,167,281,207,175,196,65,271,47,161,233,188,82,291,48,168,263,120,78,61,126,25,229,288,178,258,241,256,24,221,41,248,284,30,49,197,147,283,44,216,154,23,53,205,90,80,117,69,166,76,14,273,252,28,104,245,259,187,16,280,290,182,162,57,251,96,285,134,222,83,253,286,66,59,17,214,262,235,109,51,106,206,172,279,171,264,265,73,152,87,108,62,94,151,11,84,34,174,54,150,121,67,275,149,136,220,217,249,89,13,213,169,46,144,237,269,164,139,195,212,181,191,246,183,112,203,282,257,240,177,116,179,244,278,22,193,261,31,232,122,12,234,243,18,153,99,32,110,255,102,19,238,130,1,92,180,141,173,15,287,230,20,129,223,64,93,4,56,266,36,211,127,77,125,176,228,192,157,124,100,158,133,225,2,254,8,40,143,6,37,250,165,52,33,70,71,163,227,140,155,107,119,58,85,268,63,270,0,215,111,45,131,68,0.520547945205479,0.384615384615384,0.142857142857142,0.0814444444444444,0
105,284,160,135,13,274,119,9,46,209,156,47,216,190,241,109,138,238,110,250,159,133,161,226,282,29,57,240,90,69,44,51,60,72,199,203,115,178,253,214,167,132,18,42,252,71,36,162,270,19,268,56,153,79,80,136,108,171,267,0,207,173,180,213,233,198,20,93,21,170,152,211,183,212,40,236,263,26,182,260,155,194,116,66,289,269,140,99,166,92,281,283,196,124,82,185,54,169,35,88,107,16,218,184,50,95,227,205,89,139,254,192,34,243,85,176,52,142,23,5,91,279,41,104,179,48,68,145,113,106,231,31,25,123,8,101,144,291,111,257,230,76,83,229,3,235,288,239,248,206,6,264,164,287,245,117,246,100,12,114,210,286,37,223,22,45,193,234,49,11,126,102,38,256,174,276,10,24,255,147,86,285,122,131,128,151,129,39,64,137,121,181,273,59,143,134,98,43,189,175,70,195,158,221,258,247,53,202,75,148,232,125,220,290,94,84,74,146,191,275,61,278,168,17,27,154,187,149,224,201,32,58,65,177,7,141,188,33,62,219,157,4,215,259,96,266,120,265,163,63,67,208,130,118,222,244,251,186,237,272,204,14,172,28,78,261,262,200,280,150,15,249,112,242,197,271,87,73,217,225,103,97,228,55,165,2,30,1,81,277,77,127,0.527397260273972,0.416666666666666,0.2,0.0823888888888888,0
63,101,40,117,168,165,139,167,124,43,229,224,169,112,22,183,245,186,289,173,171,0,184,81,126,16,206,274,195,97,89,122,6,153,286,154,69,191,55,158,76,248,205,208,74,177,256,59,250,30,187,202,136,214,157,282,270,46,135,209,111,230,149,267,237,216,180,123,225,7,258,211,138,93,62,83,28,176,58,109,143,77,279,192,68,110,272,65,155,11,75,255,188,34,13,4,291,52,141,268,163,31,91,1,26,287,182,118,70,232,144,243,19,23,39,260,276,275,18,20,288,125,222,14,178,284,259,166,226,161,80,264,151,61,90,29,132,73,145,249,231,227,221,99,100,190,27,120,262,50,148,257,254,38,159,277,71,33,213,95,2,162,72,92,242,60,113,12,253,130,53,200,207,85,160,170,84,131,36,197,219,8,96,239,280,133,251,290,218,37,45,278,64,240,234,265,17,179,142,198,10,44,194,150,129,104,156,121,15,285,127,164,212,266,21,103,244,48,217,119,246,236,199,108,283,102,203,247,47,42,235,9,193,152,223,271,78,86,204,241,114,146,233,24,88,94,49,82,174,189,87,201,57,32,134,252,140,228,115,116,105,175,98,128,35,106,261,210,273,79,196,269,238,5,185,3,41,281,107,137,25,66,56,147,220,181,172,51,215,263,54,67,0.5,0.476190476190476,0.142857142857142,0.0788703703703703,0
279,250,140,207,270,254,262,5,253,78,243,111,177,71,162,165,210,70,94,103,4,229,31,170,105,89,72,258,188,280,236,135,59,77,123,6,213,54,18,148,50,153,26,212,173,219,172,190,40,90,231,206,117,145,64,174,133,131,283,256,37,9,23,268,48,204,233,39,221,251,14,45,197,102,141,56,15,166,192,95,137,30,98,85,130,80,156,289,110,187,101,21,115,86,261,57,136,96,116,257,185,291,195,3,245,285,157,234,97,224,171,92,282,8,264,269,194,119,138,228,63,62,196,178,201,168,281,225,202,142,12,164,200,216,100,118,255,11,127,220,83,35,184,155,24,163,47,38,74,93,143,198,246,66,193,43,99,151,287,271,82,247,126,169,272,58,237,242,53,277,19,232,286,121,203,129,260,267,75,68,223,124,44,147,104,2,230,20,65,186,27,222,67,249,13,217,73,0,29,175,227,159,113,150,122,211,167,179,152,34,88,69,112,49,226,209,189,161,235,144,10,215,214,275,41,7,79,106,55,128,84,278,290,25,160,139,42,218,132,16,114,239,120,17,76,199,107,244,182,158,274,238,263,91,109,28,46,22,288,252,241,146,125,51,191,181,1,81,176,33,180,61,265,183,60,108,87,259,36,240,205,284,273,134,208,32,149,266,52,248,276,154,0.537671232876712,0.434782608695652,0.0833333333333333,0.0836018518518518,0
232,193,94,182,197,15,107,259,231,70,119,280,290,291,19,287,170,281,159,178,9,14,156,163,54,153,190,8,160,210,255,125,157,51,61,88,6,168,176,240,58,126,35,59,71,86,97,184,236,241,244,166,118,123,187,251,124,13,18,99,27,158,272,213,92,238,137,76,57,139,180,203,221,246,98,275,111,164,235,91,266,260,253,237,106,142,48,96,45,198,3,225,226,30,80,17,116,44,254,5,148,100,105,22,46,208,149,220,147,162,120,7,72,0,113,258,131,233,25,245,39,114,128,20,23,264,169,32,191,34,67,73,252,55,26,103,209,175,40,218,151,273,230,261,64,133,134,53,256,152,101,130,90,215,181,207,141,4,194,192,200,84,112,283,247,122,31,205,201,188,50,83,117,267,262,82,143,285,43,223,288,274,138,89,29,41,135,199,79,12,284,1,202,10,289,136,87,102,257,74,36,282,183,177,172,95,265,204,129,222,21,249,227,216,186,24,206,69,228,47,173,271,185,37,42,224,189,269,243,16,145,214,211,276,63,248,150,174,28,109,81,212,66,33,104,165,2,77,263,121,132,155,60,65,146,161,11,144,38,268,250,56,171,110,75,217,127,85,68,229,279,196,115,242,195,49,108,167,154,270,179,93,78,234,278,286,140,52,277,62,219,239,0.438356164383561,0.32258064516129,0.142857142857142,0.0713888888888888,0
131,4,18,5,153,267,137,77,47,209,257,184,261,178,216,171,84,89,93,57,122,254,10,67,54,263,62,105,133,195,175,24,108,214,94,83,268,224,222,69,11,50,3,74,265,286,241,149,120,246,173,85,158,31,289,130,17,68,144,140,271,134,55,242,170,23,36,259,275,274,33,183,141,253,223,21,174,157,191,72,291,38,264,71,278,142,262,113,37,159,91,166,46,52,160,252,6,58,151,27,70,235,103,60,107,190,250,207,186,280,221,2,45,35,102,249,143,49,96,25,112,164,13,219,29,41,42,124,220,99,111,115,76,53,119,208,203,198,100,30,194,92,0,26,228,73,243,285,202,188,147,277,172,165,9,121,168,181,272,123,276,290,78,187,59,200,226,90,87,229,139,258,284,104,95,192,236,65,156,238,245,204,80,28,231,64,217,218,196,247,193,146,101,63,288,40,126,215,109,22,177,270,15,251,197,180,260,86,161,88,237,32,167,79,138,129,227,182,155,14,132,283,185,16,211,127,34,199,75,97,66,44,233,117,256,266,148,279,135,82,281,179,240,255,39,43,118,201,206,56,8,81,163,248,106,287,152,205,232,48,7,154,212,125,98,210,150,110,269,213,230,1,12,225,51,136,61,169,244,273,128,176,189,114,162,145,282,20,116,239,19,234,0.486301369863013,0.222222222222222,0.1,0.0771111111111111,0
257,30,20,105,45,244,215,133,103,77,132,19,0,280,36,60,191,93,209,13,175,182,176,264,207,94,224,242,193,24,259,147,156,270,173,281,169,69,12,177,63,140,40,68,200,144,98,245,52,9,230,75,241,121,101,165,184,272,240,160,234,199,239,195,136,115,51,179,153,38,44,282,50,254,116,157,31,87,218,123,228,232,260,113,189,237,6,273,216,256,170,96,72,201,278,82,227,214,97,131,238,159,57,174,84,168,276,114,70,279,23,47,198,171,122,290,192,129,187,139,154,2,127,130,143,204,162,21,65,11,183,148,235,7,109,219,108,22,62,223,141,226,161,37,283,88,26,248,33,14,236,202,46,197,99,268,203,49,252,10,91,106,58,269,163,107,28,164,267,138,42,145,266,263,67,17,104,27,5,205,64,74,4,220,284,253,196,288,271,125,102,221,265,233,29,275,79,167,92,119,247,81,110,80,34,229,32,85,181,255,95,66,158,41,206,76,3,190,250,71,211,213,137,274,150,35,128,251,56,262,194,90,210,186,178,286,8,135,185,149,155,54,246,222,142,117,277,166,291,18,39,61,43,83,188,180,249,78,89,1,100,172,261,225,285,86,53,289,152,48,287,231,118,120,73,134,126,151,208,212,16,124,111,25,258,243,59,112,217,146,15,55,0.496575342465753,0.454545454545454,0.0909090909090909,0.0787129629629629,0
110,66,145,1,200,160,77,14,17,54,191,174,11,286,199,206,27,255,52,50,243,226,129,273,115,51,240,211,170,89,256,39,82,142,79,164,210,277,259,68,24,71,263,283,4,217,118,62,28,251,31,144,177,61,35,5,221,253,125,9,287,113,30,228,83,176,237,81,140,201,247,55,64,49,282,44,94,163,32,285,102,138,269,168,289,180,153,106,171,76,271,268,13,12,281,73,2,213,69,232,150,42,278,250,136,135,8,156,233,46,169,108,284,280,3,91,134,130,196,123,222,291,43,197,148,290,21,23,149,37,265,86,67,270,239,26,22,119,167,63,155,276,257,45,254,116,16,70,7,190,244,165,114,272,241,152,87,122,74,100,227,235,159,84,209,88,183,124,261,41,59,178,179,151,194,264,260,189,10,126,216,93,128,193,230,208,96,175,112,0,29,203,166,187,92,20,121,219,15,95,78,75,72,53,57,275,60,143,279,245,198,101,182,90,218,147,33,85,154,56,97,249,192,288,220,141,117,25,212,242,38,204,80,258,274,246,214,139,224,215,238,205,195,40,36,234,133,157,248,172,236,18,137,184,103,131,47,99,161,186,252,65,225,146,109,262,267,173,229,120,223,162,188,98,6,48,34,202,231,107,111,105,266,58,181,127,207,158,104,132,185,19,0.455479452054794,0.384615384615384,0.0769230769230769,0.0735092592592592,0
151,209,227,82,171,67,287,167,166,192,279,274,6,252,276,163,130,196,199,2,244,189,83,206,207,285,284,68,47,161,70,215,4,265,66,87,254,40,231,211,120,35,193,148,182,194,216,29,101,42,178,264,253,14,164,157,260,184,255,134,97,122,181,92,132,36,272,173,205,31,278,73,53,185,30,74,291,217,177,1,57,202,95,3,88,45,38,103,133,39,20,128,33,288,46,277,15,51,198,137,13,249,239,84,238,41,191,230,267,131,271,214,136,235,251,286,186,111,115,140,78,236,75,232,65,289,156,169,144,102,126,18,22,246,280,139,213,21,108,118,44,261,283,54,85,197,28,152,195,281,201,176,275,268,187,124,175,90,155,9,98,266,114,104,143,183,50,121,123,221,107,55,56,69,79,229,237,162,269,80,174,273,117,106,63,71,242,60,52,245,89,19,141,8,233,290,109,263,282,170,110,77,219,142,160,138,204,34,225,256,125,165,32,243,112,12,179,48,0,91,208,146,250,147,159,158,11,26,240,16,64,248,94,223,220,58,210,10,27,258,129,62,49,228,154,86,7,153,81,37,241,188,222,259,17,234,116,127,190,262,43,212,61,23,150,180,105,224,149,59,257,24,168,203,96,5,113,93,25,145,218,100,247,135,172,200,99,270,119,226,72,76,0.452054794520547,0.204081632653061,0.0833333333333333,0.073,0
135,11,212,44,21,260,83,217,214,235,252,2,124,268,31,174,153,82,41,120,236,202,222,228,127,216,109,224,154,231,182,223,266,8,287,116,128,52,208,195,72,239,284,69,206,121,211,42,275,145,87,269,115,86,75,201,98,259,13,207,56,7,15,148,288,132,200,168,138,163,197,251,108,30,165,76,33,194,48,254,281,6,155,3,176,79,167,10,276,9,84,196,92,160,226,186,240,95,40,271,20,89,267,38,270,37,187,129,99,133,65,36,100,27,111,34,5,61,220,17,143,278,106,227,113,272,280,35,12,49,77,244,183,22,134,238,265,46,282,114,90,290,159,18,74,139,63,253,209,198,150,158,140,142,149,286,256,32,19,156,105,97,193,51,131,23,136,178,53,189,152,118,91,233,184,273,175,110,181,162,137,47,126,170,28,71,262,247,277,66,291,161,64,185,179,283,146,0,14,45,255,261,192,164,213,93,242,169,117,237,229,210,39,24,81,4,55,172,73,157,190,112,246,101,67,243,60,279,166,125,107,219,173,50,122,191,130,70,203,1,54,188,171,43,58,289,234,57,94,59,245,119,225,144,264,62,221,102,96,180,151,241,230,249,141,263,232,248,88,85,16,285,29,123,26,250,218,258,80,177,205,257,104,25,147,68,78,215,204,103,199,274,0.482876712328767,0.399999999999999,0.1,0.0768981481481481,0
291,184,166,47,170,233,0,192,189,35,48,157,112,18,9,281,69,16,273,77,244,256,239,23,43,20,109,286,151,270,127,279,30,81,121,190,164,227,185,214,56,288,78,50,172,57,186,264,95,40,32,7,37,254,42,52,269,169,94,287,133,178,103,177,108,106,85,124,237,191,225,136,238,213,174,168,255,55,117,223,31,282,179,211,91,219,80,155,54,96,137,251,51,248,70,173,263,277,75,224,68,147,145,283,231,19,128,280,165,2,230,44,146,200,87,63,114,204,253,66,5,21,229,158,236,209,33,153,107,138,115,22,252,167,88,141,275,210,218,71,144,212,76,187,89,1,171,206,196,134,34,176,289,6,249,119,160,49,102,276,72,215,246,194,195,156,98,62,45,97,39,180,82,79,101,198,222,140,13,260,129,199,26,41,67,142,235,64,4,24,25,120,268,105,46,100,271,284,285,60,258,83,29,226,10,36,125,110,15,234,193,242,250,99,197,132,245,59,111,3,205,113,266,8,93,183,188,12,274,152,154,290,126,17,74,181,131,221,159,65,84,240,135,61,278,265,261,104,257,28,182,14,139,161,150,216,122,148,11,175,130,163,58,92,217,220,86,162,90,27,38,208,123,267,228,116,247,203,207,232,73,143,202,53,149,118,262,243,201,241,259,272,0.46917808219178,0.357142857142857,0.0769230769230769,0.0751944444444444,0
115,150,193,211,226,127,186,50,22,33,243,104,160,246,43,148,177,169,9,213,128,267,39,183,68,242,79,21,29,108,234,48,124,273,120,145,158,83,57,107,97,235,78,30,87,168,34,132,203,285,244,90,74,119,25,54,26,171,240,205,217,257,51,224,228,123,4,288,266,7,190,16,2,101,290,105,200,44,96,245,17,287,13,178,27,261,155,60,214,53,64,95,256,19,291,208,133,270,163,170,197,164,3,182,77,232,259,282,102,159,146,222,40,210,99,63,113,202,271,269,179,84,229,212,37,198,100,286,28,216,227,253,122,215,152,75,92,248,221,136,23,66,31,131,204,236,196,279,71,249,76,5,103,167,239,0,129,154,219,11,151,41,166,15,262,86,147,130,91,89,134,111,268,175,137,55,284,82,143,114,264,47,59,207,46,194,80,176,283,275,14,188,189,209,289,237,162,109,233,173,62,138,117,10,250,252,201,65,206,191,56,185,20,251,125,94,52,42,6,72,116,73,58,135,18,254,45,174,184,220,260,165,1,35,156,265,278,38,255,180,258,112,49,98,81,70,118,61,8,195,110,85,238,263,32,161,181,12,126,106,277,247,157,187,69,230,88,223,281,140,274,241,192,36,153,199,272,93,276,141,218,67,142,139,280,172,231,24,121,149,225,144,0.476027397260274,0.277777777777777,0.125,0.0758055555555555,0
218,164,152,117,18,93,79,73,212,169,273,207,66,289,154,26,131,201,237,99,105,260,146,19,17,203,116,136,221,248,288,167,92,153,60,170,96,49,30,20,95,80,245,179,200,268,149,118,230,68,228,158,246,206,213,291,58,138,278,38,229,16,97,48,0,65,184,240,270,256,122,63,276,251,190,106,103,98,70,250,271,191,157,21,215,177,50,280,130,279,254,198,224,272,134,76,258,216,182,88,236,249,282,132,189,264,226,231,234,171,285,143,67,44,111,262,255,232,265,69,257,121,125,27,28,114,87,275,23,151,9,123,140,241,227,91,233,252,74,247,141,166,243,253,145,12,35,110,64,83,263,199,3,261,156,119,115,6,142,52,172,161,113,174,162,144,277,155,107,186,72,148,32,55,36,242,181,259,31,127,2,209,53,51,180,101,225,94,222,163,104,56,24,108,128,124,267,197,223,22,193,47,77,54,120,274,11,82,33,244,71,102,178,195,84,126,217,57,220,176,34,147,160,202,266,135,7,238,46,45,287,78,192,40,137,15,269,14,86,85,168,175,90,39,183,42,219,290,59,41,214,281,165,25,173,210,194,1,284,112,283,187,4,43,139,37,109,286,185,129,81,204,62,196,89,150,13,61,211,235,188,205,133,208,8,239,5,159,29,10,75,100,0.5,0.24390243902439,0.0769230769230769,0.0788518518518518,0
80,94,85,29,266,3,276,77,231,62,35,37,194,203,12,249,221,277,208,243,117,147,185,13,196,149,289,158,260,200,63,46,21,52,157,134,36,275,24,55,281,256,16,271,97,141,216,257,283,174,121,72,267,270,160,54,0,115,268,178,92,83,212,193,245,237,126,114,274,164,79,28,184,129,58,43,165,120,285,138,50,173,53,282,25,280,59,163,119,182,101,2,183,175,205,225,14,255,49,135,186,96,140,168,131,107,246,189,31,64,233,70,171,87,287,133,10,199,172,238,34,244,264,100,188,161,148,251,71,17,217,4,215,272,273,155,204,202,112,45,144,73,219,284,209,142,187,65,228,33,206,81,198,76,26,68,269,288,69,84,102,227,127,218,47,56,235,252,195,232,103,108,132,44,207,170,136,123,190,60,226,248,262,220,1,139,7,111,191,211,18,177,265,229,15,19,279,88,242,23,11,176,214,179,286,241,197,150,291,154,181,86,95,38,39,109,247,42,261,223,230,32,99,122,159,145,236,240,105,8,104,166,40,137,192,213,9,130,82,239,57,224,278,180,124,74,156,5,78,258,169,106,91,67,66,146,48,93,116,254,167,89,27,128,222,152,263,41,253,20,51,22,90,61,201,6,151,118,30,250,153,125,110,290,143,113,98,234,259,75,210,162,0.465753424657534,0.294117647058823,0.111111111111111,0.074574074074074,0
16,88,5,224,187,160,75,280,102,248,106,47,33,143,137,260,186,271,238,101,25,146,44,132,197,281,39,134,98,274,125,239,232,176,70,180,41,193,201,6,223,252,69,74,278,226,60,290,87,265,284,46,264,109,182,55,61,231,57,35,2,81,289,219,3,270,164,152,76,218,140,58,259,18,139,45,68,145,169,282,63,108,195,184,229,113,36,49,19,65,141,28,148,17,59,266,206,78,268,119,43,254,130,291,203,217,255,177,263,171,262,191,50,163,31,192,234,185,29,104,222,4,251,155,207,34,38,13,124,22,200,110,20,161,208,272,112,215,94,133,72,67,228,178,175,84,136,11,277,258,10,97,156,95,220,245,253,288,204,56,242,181,30,77,189,89,257,211,122,117,190,205,52,85,285,14,103,198,172,123,120,216,138,202,261,127,194,273,26,27,166,131,210,212,153,90,116,147,225,249,283,213,48,157,86,96,188,214,93,9,24,159,287,1,40,209,64,71,247,105,73,256,230,158,162,115,154,100,179,196,15,7,62,183,12,53,82,276,129,243,267,235,107,168,150,121,114,286,111,135,0,227,118,37,279,99,92,80,128,237,174,21,91,144,142,269,51,199,250,240,54,151,126,83,8,246,79,165,149,32,167,233,42,236,244,241,66,170,173,23,221,275,0.527397260273972,0.217391304347826,0.111111111111111,0.0819629629629629,0
131,154,80,86,193,10,281,24,272,144,30,269,211,267,50,190,9,57,219,228,108,275,255,56,100,232,223,244,221,71,140,65,76,265,231,94,64,113,1,160,182,3,196,165,289,227,268,74,26,81,241,0,286,200,172,194,116,51,41,233,187,208,166,164,195,6,63,184,179,260,23,246,97,70,222,217,163,53,245,32,277,262,60,198,252,201,40,284,216,25,62,122,175,58,153,93,98,167,280,4,2,185,210,170,136,283,225,34,249,35,158,43,230,204,121,148,52,150,191,105,235,218,42,180,73,220,159,256,126,120,239,181,106,109,254,19,128,27,290,96,14,36,101,13,138,77,118,257,288,79,15,141,69,8,44,61,156,54,39,183,248,66,139,119,162,169,78,264,102,33,203,149,192,261,7,17,21,161,240,133,285,117,178,263,176,29,171,125,59,20,259,236,276,85,95,224,253,75,151,129,89,18,214,146,209,282,11,92,47,213,127,135,88,202,130,238,83,251,45,250,287,68,142,112,189,134,67,199,111,115,237,38,177,72,273,12,155,168,55,49,99,205,226,207,84,124,270,274,48,114,31,143,123,132,266,5,247,279,147,215,206,103,258,16,174,197,46,137,90,37,278,173,145,104,107,243,91,212,271,242,188,229,152,291,186,157,22,82,110,28,87,234,0.513698630136986,0.285714285714285,0.0833333333333333,0.0806111111111111,0
3,143,76,153,156,265,181,119,182,246,116,6,15,188,209,178,115,180,55,271,138,48,281,120,165,18,38,117,29,91,256,270,267,22,53,12,71,97,276,197,260,185,217,105,251,56,169,162,67,213,193,57,68,173,189,194,85,168,4,25,202,255,245,11,154,264,211,36,239,219,234,122,279,236,137,125,201,62,241,224,187,275,221,249,106,250,37,102,89,141,206,177,229,190,33,195,233,164,134,286,66,23,196,101,272,81,136,160,167,32,226,288,65,277,63,131,278,73,39,24,150,133,208,123,0,9,218,179,274,70,240,184,148,235,238,28,26,87,227,172,285,1,54,128,75,225,58,121,263,84,109,135,230,210,191,170,46,248,273,198,47,34,140,14,124,212,126,231,151,289,83,258,79,186,98,176,257,147,45,175,216,291,161,19,60,5,146,72,207,129,96,220,52,108,2,282,40,90,59,223,290,41,199,49,155,69,94,78,82,95,112,203,205,268,166,130,43,110,174,86,144,51,247,139,163,27,111,92,13,113,269,30,252,253,149,61,244,142,283,171,145,232,80,243,7,42,17,262,50,159,31,10,107,64,114,222,228,93,214,35,261,88,183,132,200,192,287,100,237,242,99,44,152,77,280,20,259,104,16,8,204,127,103,74,21,254,158,284,157,215,266,118,0.534246575342465,0.454545454545454,0.125,0.0831111111111111,0
132,112,153,232,191,53,205,2,146,239,154,159,178,175,265,102,1,135,121,283,280,13,50,219,212,109,65,190,14,217,114,252,251,263,131,147,144,230,155,97,258,32,143,250,209,218,220,44,270,38,158,90,233,23,290,74,117,169,249,27,181,134,69,235,214,200,4,57,248,78,260,124,111,9,5,157,179,87,148,59,182,110,281,126,15,253,215,80,16,83,193,224,127,156,21,29,67,0,186,39,246,247,288,60,261,70,41,204,36,119,26,236,61,176,6,259,272,180,94,123,241,201,185,68,106,92,129,162,34,208,163,206,257,91,35,62,211,10,77,240,237,105,171,266,141,115,145,287,223,130,86,161,170,133,118,64,12,104,213,231,88,37,120,286,242,128,284,168,194,8,275,207,282,47,101,51,173,73,139,183,140,96,122,160,33,137,276,79,226,192,197,71,108,221,245,268,165,167,3,243,98,93,225,125,255,244,42,107,174,136,150,196,285,99,95,228,172,66,149,72,291,264,20,199,43,11,202,7,277,25,238,289,54,177,17,203,113,18,164,19,82,31,52,188,271,58,142,56,81,116,166,187,279,267,274,227,45,269,234,152,40,28,254,273,75,229,189,46,103,76,30,256,198,184,22,55,63,278,151,48,222,85,24,262,210,138,100,216,195,84,89,49,0.523972602739726,0.32258064516129,0.142857142857142,0.0816759259259259,0
51,176,278,6,139,20,14,44,136,97,19,181,80,178,282,150,214,270,263,250,99,47,1,106,281,259,30,284,55,50,223,2,74,90,264,68,185,289,206,22,32,160,39,27,124,190,215,177,266,62,43,54,154,108,226,291,18,147,81,285,125,64,57,201,21,49,144,231,193,95,100,187,24,188,174,228,113,94,183,258,192,59,112,222,134,131,279,268,265,156,255,3,247,34,249,148,262,138,145,240,221,219,230,102,118,238,73,96,245,128,119,200,79,137,171,218,274,237,130,88,115,60,260,61,110,71,225,25,197,224,159,105,140,155,162,199,70,104,277,72,204,179,129,189,184,161,52,38,241,173,56,195,149,220,127,146,91,141,275,157,143,287,76,256,83,158,234,227,103,82,261,111,86,165,257,117,235,286,242,132,208,66,280,53,7,194,4,288,77,180,253,16,135,203,78,170,164,212,12,246,217,93,26,243,239,209,33,116,58,45,168,182,163,233,191,41,216,166,207,186,211,229,269,42,213,0,85,31,84,63,198,123,276,252,236,172,244,89,10,120,69,251,254,271,46,48,142,122,17,92,101,175,65,167,196,98,152,5,283,23,15,13,37,75,272,11,273,40,35,169,153,114,151,36,210,133,67,126,248,290,9,267,205,107,202,29,109,121,232,87,28,8,0.445205479452054,0.303030303030303,0.111111111111111,0.0721481481481481,0
81,137,135,259,273,232,176,85,220,150,107,177,271,120,121,202,279,234,25,34,62,123,233,217,280,190,100,155,64,221,51,251,237,203,55,115,290,163,181,95,223,158,224,226,200,8,46,97,11,230,287,90,282,82,188,198,180,67,242,179,15,93,68,235,157,162,47,201,128,213,169,246,146,143,133,147,96,164,14,210,52,29,70,172,152,0,250,211,274,43,10,170,238,134,56,199,167,192,243,227,212,244,214,248,9,173,6,111,1,75,148,49,197,129,275,145,50,4,88,144,283,35,174,288,208,272,103,239,270,116,27,284,94,278,267,268,17,21,207,44,231,285,18,61,98,54,171,276,264,22,130,60,269,41,189,161,266,245,32,252,76,265,86,262,183,69,117,182,37,48,20,26,256,5,175,254,277,156,89,289,108,30,91,151,122,42,257,7,65,38,126,249,127,74,139,154,291,73,153,12,209,229,124,104,196,258,241,184,13,119,236,77,53,166,102,92,114,185,159,118,16,39,57,105,253,260,193,186,72,106,112,110,191,63,31,109,71,28,160,187,58,80,261,138,149,132,263,2,142,225,228,83,136,222,286,240,165,23,113,219,255,87,45,33,178,79,59,218,24,36,78,99,205,247,141,206,168,3,140,125,281,215,66,195,204,194,101,84,40,216,131,19,0.506849315068493,0.624999999999999,0.166666666666666,0.0797962962962963,0
218,161,23,239,141,62,145,58,20,102,266,5,18,261,169,232,103,2,282,77,215,195,44,174,255,186,7,54,287,104,288,97,252,224,30,240,36,190,67,25,96,245,71,34,248,140,225,189,162,50,208,4,273,279,131,250,74,230,155,70,209,182,68,222,219,80,130,254,90,176,216,48,290,251,172,196,31,72,56,17,22,237,183,277,243,158,46,142,27,246,149,263,147,92,124,166,156,127,87,88,133,59,197,105,64,132,139,168,159,94,188,173,200,152,262,233,229,79,32,205,81,14,107,11,185,12,69,8,126,24,101,187,179,76,163,35,16,220,55,217,180,6,204,117,244,221,95,66,57,119,83,138,143,45,231,265,153,13,65,99,134,118,241,289,284,63,181,9,28,203,194,275,33,285,53,206,85,242,0,226,40,93,210,61,164,235,270,144,281,171,26,253,38,47,60,10,178,260,37,258,191,192,249,247,272,29,15,116,128,91,106,52,98,120,39,111,43,236,238,73,121,207,150,280,1,19,170,84,151,136,286,167,112,274,264,122,256,89,212,271,201,175,283,278,268,75,86,115,184,109,137,114,259,108,110,276,165,214,125,291,227,129,135,199,223,3,148,213,100,78,21,41,51,234,267,177,82,228,157,113,269,123,211,42,202,193,257,146,198,49,154,160,0.517123287671232,0.333333333333333,0.1,0.0810833333333333,0
265,124,181,240,133,125,85,261,92,44,226,112,38,78,222,213,148,67,138,115,256,160,155,192,120,89,15,175,236,135,24,255,225,111,123,167,76,118,269,200,18,143,35,233,235,33,3,208,54,215,169,168,66,157,216,42,60,223,199,52,7,194,128,130,186,21,182,282,12,161,158,287,281,30,178,134,185,195,81,211,206,23,247,98,61,106,219,188,145,69,96,57,70,205,95,198,170,113,99,276,56,28,39,214,237,126,191,227,224,228,114,231,136,75,20,100,285,31,146,79,245,291,51,290,275,196,244,11,162,25,47,187,156,62,154,101,248,250,110,132,97,268,284,87,53,129,107,183,239,140,289,90,238,271,283,88,207,212,10,163,151,59,258,288,190,105,249,193,45,26,174,166,266,210,65,209,103,242,286,4,9,150,274,217,19,202,83,172,152,0,203,86,139,16,6,2,252,102,121,197,180,221,14,131,144,267,229,22,220,41,29,177,171,55,32,94,82,264,80,137,253,1,153,17,141,230,164,13,218,179,68,5,27,270,149,165,189,243,37,43,127,259,122,246,273,36,117,262,204,108,116,73,278,104,147,48,84,8,184,40,272,201,72,71,159,254,173,260,234,50,64,279,91,93,257,58,63,280,142,34,277,232,176,119,49,251,109,74,77,241,263,46,0.513698630136986,0.333333333333333,0.111111111111111,0.0806666666666666,0
219,117,128,255,18,201,147,131,132,167,266,86,54,271,199,45,288,277,154,264,24,71,47,157,22,106,103,43,63,252,91,230,285,146,15,239,221,242,171,150,243,149,37,46,64,34,55,244,265,95,182,280,198,25,129,218,233,27,267,173,7,195,118,169,231,74,155,143,259,272,270,168,261,48,127,33,148,80,110,1,67,31,137,223,213,247,59,251,101,144,28,29,170,235,3,207,163,188,94,249,89,113,279,159,226,83,176,281,260,194,284,256,215,105,30,287,203,69,99,90,291,286,183,158,138,200,273,78,246,20,114,181,211,275,77,278,36,225,161,238,151,236,250,93,21,269,26,192,107,72,84,60,65,160,122,123,23,276,254,87,109,232,202,135,42,51,13,121,73,97,268,56,81,19,177,166,217,124,210,142,14,98,209,108,116,179,6,162,16,164,68,92,111,126,136,274,234,289,237,11,58,156,262,2,52,75,282,178,220,224,258,140,12,212,38,152,193,283,186,102,263,190,133,172,32,82,227,208,85,134,184,139,100,53,119,165,66,204,61,39,57,0,245,70,180,41,196,9,10,44,241,49,104,240,185,76,175,222,290,191,206,228,79,229,248,145,115,174,257,4,50,40,153,125,216,112,17,8,141,5,120,214,130,88,62,189,187,96,205,35,253,197,0.465753424657534,0.303030303030303,0.1,0.0746666666666666,0
67,289,27,22,66,173,60,255,246,212,84,96,217,44,100,95,124,291,223,259,256,271,38,110,152,0,126,2,134,92,206,72,49,81,146,162,221,224,243,167,132,15,1,242,189,7,264,157,288,43,262,268,270,14,10,248,176,54,277,128,82,198,160,283,24,121,6,62,47,232,70,235,219,155,102,156,73,143,33,207,45,48,149,50,265,227,65,111,237,261,185,220,89,91,260,68,25,125,36,252,139,93,285,137,107,231,179,214,34,63,11,245,163,59,274,112,269,228,190,5,37,64,51,31,275,250,55,145,83,129,26,142,97,154,40,103,104,90,52,13,279,197,203,215,238,267,280,77,161,175,208,196,194,240,276,19,130,222,251,75,117,230,80,123,201,4,116,109,184,273,266,233,122,17,188,150,88,199,287,147,113,98,286,164,79,46,30,211,106,166,195,191,254,209,85,263,9,186,127,192,178,174,205,278,138,200,239,171,257,258,181,165,284,74,281,41,290,204,57,39,18,58,114,8,225,226,172,94,182,56,210,151,282,249,87,148,229,177,183,76,244,69,101,170,241,136,133,216,99,168,272,23,42,32,144,3,120,213,187,153,71,78,53,180,236,193,158,29,202,247,218,118,140,12,108,105,20,234,253,35,169,159,131,21,86,28,16,115,119,135,61,141,0.48972602739726,0.303030303030303,0.111111111111111,0.0776574074074074,0
101,70,119,7,226,162,147,133,42,41,275,59,131,230,199,137,28,62,82,204,156,30,126,105,19,250,210,161,75,52,92,179,100,51,180,227,78,118,153,283,177,50,256,260,76,88,143,49,252,190,188,191,141,129,114,167,242,231,117,11,104,224,138,106,36,262,216,169,219,73,43,65,21,154,145,215,291,171,4,142,282,214,176,269,208,13,53,47,22,33,120,288,165,174,257,18,40,270,158,108,195,84,184,272,63,124,223,240,89,135,243,185,0,229,35,181,64,123,261,290,85,58,81,247,24,1,168,99,246,97,136,152,238,3,279,103,150,90,178,29,130,148,271,244,69,245,267,132,274,98,27,189,96,37,94,113,228,72,116,182,278,91,160,134,16,198,287,268,87,209,159,253,233,232,200,26,31,273,207,107,125,34,234,194,60,48,284,54,146,55,74,128,172,93,9,68,254,266,57,66,61,56,163,111,212,235,25,44,192,80,77,201,236,23,187,248,46,20,211,140,164,149,39,263,225,112,71,45,237,265,121,110,258,186,286,5,109,205,276,249,139,10,280,220,115,6,157,259,175,17,222,289,102,281,32,12,15,67,241,221,196,127,213,144,79,255,170,166,38,122,218,173,251,193,239,86,155,14,95,183,277,206,83,202,217,2,197,264,8,285,203,151,0.482876712328767,0.384615384615384,0.0909090909090909,0.076787037037037,0
213,238,0,164,180,100,128,266,290,176,123,52,277,142,51,248,49,215,188,209,162,258,47,125,177,250,54,99,48,254,190,36,154,25,221,3,280,141,104,257,182,120,136,149,208,187,112,197,161,8,151,39,27,70,263,251,224,214,135,60,275,148,94,126,226,82,220,5,58,210,231,249,246,212,131,109,283,6,198,207,85,195,291,77,33,185,155,93,243,252,44,18,95,50,199,38,63,102,113,78,17,105,12,98,26,87,1,153,233,69,79,106,86,235,236,227,101,55,159,67,222,270,239,117,88,64,145,41,97,11,186,147,138,273,282,261,196,107,172,108,28,46,114,276,34,53,19,183,206,30,184,192,31,267,32,139,118,166,89,140,278,2,171,203,16,229,169,111,150,29,68,191,170,269,122,152,219,230,110,234,255,217,163,121,247,189,72,218,61,240,137,160,279,237,42,83,216,133,193,129,242,115,202,175,57,265,223,168,134,271,253,181,15,204,103,146,245,200,40,256,92,165,174,132,268,205,43,9,65,284,84,76,81,143,24,91,119,56,80,96,158,287,124,127,90,75,130,10,37,201,73,21,66,4,286,7,144,167,285,179,264,45,228,244,173,289,232,22,20,211,23,74,35,259,157,225,260,62,116,178,156,71,262,281,13,241,194,272,59,288,274,14,0.534246575342465,0.526315789473684,0.0833333333333333,0.0832592592592592,0
224,129,97,191,43,199,141,152,55,89,225,260,56,254,238,157,73,94,92,83,122,150,142,125,261,255,214,267,39,106,194,5,265,146,69,38,162,3,64,167,200,203,131,277,207,197,16,188,27,96,206,114,290,9,31,30,279,216,196,61,160,121,54,112,132,4,87,180,0,275,278,60,70,246,110,149,233,186,251,79,45,130,184,23,90,270,250,37,50,161,41,46,115,63,211,111,118,269,239,48,240,68,235,178,143,201,74,26,158,147,28,113,208,173,232,262,133,120,248,99,11,59,57,139,155,86,119,140,71,20,171,271,156,84,217,198,144,274,163,166,135,65,192,219,52,82,7,101,210,123,29,145,108,18,182,228,272,47,193,179,36,67,15,100,85,107,174,6,227,241,273,153,12,286,58,22,266,283,221,185,116,34,258,19,209,288,268,14,124,276,205,168,187,138,165,127,282,44,102,181,195,53,104,151,281,291,91,212,10,32,103,93,231,66,234,213,134,223,13,285,128,252,215,230,172,81,204,75,247,244,105,257,137,25,80,40,117,183,159,236,237,176,109,77,264,242,189,202,287,126,245,88,24,42,35,289,49,259,243,98,17,76,21,256,148,175,95,218,170,220,33,78,2,169,8,222,136,72,177,190,226,249,154,263,164,284,253,1,280,51,229,62,0.551369863013698,0.256410256410256,0.2,0.0850277777777777,0
79,99,279,42,72,15,87,116,3,26,258,73,75,166,96,50,210,38,269,154,170,163,122,263,1,67,265,119,135,100,252,86,37,8,284,55,187,89,153,126,151,13,209,250,133,177,21,104,33,19,134,149,66,6,173,78,167,113,218,2,262,203,4,22,80,111,190,141,280,253,150,101,83,220,229,94,121,93,81,201,266,224,136,14,132,248,198,189,176,192,191,205,222,204,107,273,168,23,231,278,20,230,245,275,158,127,207,152,216,194,129,254,232,130,289,139,32,277,28,233,142,172,36,211,243,217,188,11,214,103,241,24,264,112,147,291,259,159,235,155,138,146,246,59,285,156,102,7,31,186,196,46,236,143,160,239,17,164,286,97,256,117,202,197,76,238,118,260,125,223,62,288,185,161,106,35,41,54,68,114,251,162,178,157,34,255,206,179,95,274,144,199,12,184,69,249,108,29,91,53,92,219,9,84,271,16,52,175,48,30,43,128,208,226,180,200,268,10,25,272,60,244,45,90,56,234,61,267,123,283,5,88,225,105,0,39,237,71,227,183,221,276,247,82,77,74,27,70,287,145,18,193,169,282,182,65,85,137,58,109,242,270,165,115,215,63,174,228,64,49,131,44,261,240,290,51,148,40,47,257,212,57,213,181,140,120,281,98,124,110,195,171,0.424657534246575,0.37037037037037,0.0909090909090909,0.0698148148148148,0
271,172,121,154,4,108,98,127,82,208,247,268,94,146,119,60,124,232,130,78,169,67,113,180,281,56,159,142,100,44,260,278,158,178,111,147,239,105,224,194,49,25,157,92,129,173,135,116,23,279,176,122,36,79,288,238,118,6,187,206,47,202,132,114,265,84,66,64,229,117,273,137,54,55,152,249,181,22,74,235,195,87,138,83,90,262,205,97,267,240,200,228,255,201,145,241,250,69,51,63,171,109,168,161,204,212,58,155,110,263,175,1,59,211,216,85,197,280,75,123,243,177,93,134,45,15,189,65,188,182,133,40,284,12,203,126,190,236,143,86,53,14,13,269,222,164,225,27,191,106,270,71,287,10,253,233,198,68,162,0,140,231,48,76,148,37,184,91,186,215,43,248,230,283,237,7,192,136,277,153,174,61,150,285,196,258,20,289,185,2,244,218,207,183,104,264,99,242,272,41,166,213,70,139,149,227,256,19,8,163,96,72,46,254,9,57,251,170,73,234,115,193,28,30,62,282,220,17,179,261,221,141,120,257,131,223,107,144,246,151,165,214,89,217,259,276,291,11,252,34,26,31,286,50,16,103,266,5,24,245,210,77,42,35,156,112,160,38,199,167,18,80,125,95,88,33,21,101,226,102,81,128,39,3,209,274,219,52,32,275,29,290,0.510273972602739,0.312499999999999,0.1,0.0801203703703703,0
275,182,187,53,76,170,21,206,241,270,158,42,237,148,191,94,161,119,223,48,230,236,283,201,54,12,99,263,106,83,273,104,144,146,151,252,268,290,262,80,207,35,75,266,189,50,221,22,70,178,156,256,209,188,163,143,141,36,97,287,124,155,277,244,37,264,242,257,33,153,176,9,291,0,81,258,202,216,14,100,274,225,243,229,174,173,255,227,289,71,63,183,73,59,285,72,98,208,228,1,152,157,271,139,5,220,18,136,91,186,105,6,40,108,86,181,279,145,61,34,138,184,107,85,60,74,219,210,203,49,214,278,192,260,3,125,196,232,51,16,32,249,250,26,135,162,200,286,55,90,180,52,222,224,281,194,150,15,17,199,10,43,247,89,137,96,64,77,231,238,84,24,233,29,102,20,248,112,127,235,27,245,92,147,28,172,11,204,95,57,111,167,19,103,30,56,193,66,8,211,179,175,166,195,113,164,131,140,197,116,288,159,165,31,240,215,272,87,126,133,123,171,7,259,62,39,149,217,212,254,284,23,205,118,120,69,185,128,280,198,134,213,13,129,88,45,132,218,47,168,261,234,282,117,226,41,110,79,67,130,2,190,114,265,177,68,267,58,154,239,38,142,101,122,121,276,25,82,251,109,4,115,169,65,246,44,93,78,160,46,253,269,0.503424657534246,0.384615384615384,0.125,0.0793611111111111,0
36,79,101,220,122,88,100,46,289,186,98,34,198,259,143,83,63,144,276,242,169,81,125,200,128,156,174,191,97,185,219,147,75,1,64,139,170,247,11,45,234,42,149,89,277,275,281,206,5,286,44,208,102,90,152,136,106,285,25,179,39,155,109,279,16,209,248,238,33,172,31,65,256,258,17,207,178,190,134,177,252,60,92,291,222,93,20,146,22,12,164,218,150,257,241,95,260,115,216,288,9,7,183,197,223,188,2,235,59,163,227,203,84,192,49,267,161,232,0,187,142,114,4,91,3,273,18,224,94,108,54,165,226,254,230,23,251,47,270,160,129,204,118,181,85,167,40,107,268,195,19,121,210,228,171,182,48,196,72,82,15,66,38,236,255,284,217,30,87,116,50,26,213,233,55,32,86,261,225,27,137,193,8,245,105,138,76,130,212,175,68,287,253,58,6,69,180,133,103,14,113,269,96,157,119,56,35,264,194,53,153,249,154,151,278,173,243,21,28,74,159,78,240,262,214,237,280,117,244,24,205,124,290,13,189,112,246,148,111,201,29,215,158,43,51,266,283,62,80,250,126,73,202,162,166,104,184,265,239,271,274,123,221,229,199,263,140,127,110,132,135,70,272,37,168,99,61,71,176,231,282,52,67,141,211,131,41,77,10,120,145,57,0.462328767123287,0.263157894736842,0.111111111111111,0.074324074074074,0
185,125,244,42,209,2,97,200,279,261,94,192,6,195,188,178,7,266,199,249,262,127,252,166,197,80,10,47,53,253,208,277,69,212,207,110,206,9,129,224,280,38,31,117,237,88,264,216,142,157,267,107,284,61,143,27,93,112,102,73,108,59,190,251,167,271,11,99,119,101,220,182,288,184,245,132,32,227,71,40,165,131,258,141,121,58,255,289,201,0,235,250,155,35,242,41,109,205,234,122,238,74,144,181,217,95,81,16,145,159,43,268,214,124,232,24,219,147,160,282,213,283,114,79,257,8,286,148,150,183,12,259,105,89,191,169,57,30,17,171,173,100,18,163,263,153,243,133,19,67,246,236,196,194,37,156,152,137,176,96,77,62,26,272,158,270,281,222,154,168,36,22,256,226,28,285,116,72,87,113,14,126,231,60,240,186,21,239,25,276,290,162,63,130,33,51,128,177,75,189,151,138,86,233,139,123,98,228,34,82,291,136,20,84,187,269,91,254,5,44,120,215,172,118,76,273,149,202,23,275,13,134,248,247,3,135,221,274,265,52,39,103,111,83,198,56,15,106,161,68,1,54,140,230,45,49,260,174,64,225,218,203,146,164,287,70,48,46,90,50,241,78,204,229,175,180,55,92,179,104,29,211,115,223,170,85,210,278,193,65,66,4,0.520547945205479,0.434782608695652,0.0909090909090909,0.0814444444444444,0
75,262,252,87,76,18,250,16,221,8,109,28,65,237,142,25,60,202,232,205,190,210,177,32,15,66,30,222,172,31,49,20,7,173,0,215,36,245,139,161,171,251,83,227,198,137,219,206,188,4,101,274,26,73,22,55,59,95,165,69,63,275,263,98,122,229,239,266,117,111,265,96,271,276,39,124,160,92,199,12,290,189,119,123,93,145,99,132,268,192,184,85,82,203,176,45,67,163,134,88,43,97,169,201,261,283,156,154,47,150,89,196,207,258,70,256,224,216,234,34,138,240,105,23,151,236,74,158,91,175,267,226,5,71,159,86,225,118,264,121,213,54,94,254,220,57,228,120,211,131,110,11,106,280,80,146,255,64,113,181,107,257,153,61,40,2,50,187,52,130,244,183,243,128,129,195,56,53,112,46,81,21,114,133,279,174,127,247,77,144,108,1,9,287,209,126,115,242,10,178,235,259,282,217,140,191,104,167,182,152,214,170,68,78,19,286,149,249,37,6,141,284,33,13,155,253,288,238,147,248,281,35,231,72,194,90,179,100,230,218,42,285,14,291,270,168,17,3,58,164,204,272,260,223,116,148,51,277,246,48,84,44,135,193,162,157,143,136,79,166,273,197,289,212,180,41,29,200,186,62,27,24,38,278,233,103,125,269,185,102,241,208,0.472602739726027,0.181818181818181,0.1,0.0752777777777777,0
219,84,248,190,103,208,142,72,171,93,158,80,111,255,185,17,281,8,16,124,199,92,137,247,165,59,125,47,207,94,160,264,50,257,89,267,178,288,49,195,215,182,68,153,183,7,290,79,280,41,197,150,269,20,85,34,198,250,196,156,261,65,209,174,2,216,69,136,52,176,239,66,81,119,222,57,256,231,146,172,6,35,152,3,97,226,225,32,126,243,210,262,31,19,244,200,29,284,102,73,236,51,240,221,268,145,42,291,120,39,11,173,114,229,258,228,23,44,46,40,105,161,189,116,82,205,270,117,162,91,169,287,26,157,123,115,168,87,70,235,83,121,238,214,277,251,128,252,88,265,27,175,5,104,212,163,148,223,43,184,76,58,64,154,246,133,203,143,78,37,122,237,108,194,67,131,60,147,96,95,0,151,33,218,166,285,135,138,220,241,74,201,266,180,276,86,109,224,4,170,12,18,55,53,141,230,272,62,245,227,144,132,100,217,188,279,129,56,249,101,38,253,9,45,90,1,36,71,99,213,206,30,193,191,211,271,113,187,118,254,13,289,186,232,127,177,192,48,77,22,179,106,28,21,134,130,25,75,110,259,155,278,167,164,273,24,204,139,282,233,15,263,98,242,54,275,234,286,283,260,274,61,159,112,14,63,202,149,107,140,181,10,0.48972602739726,0.416666666666666,0.111111111111111,0.0776944444444444,0
